Msn2_top_index,Msn2_top_index_rc,Msn2_top_values,Msn2_bottom_index,Msn2_bottom_index_rc,Msn2_bottom_values,Msn2DBDOE_top_index,Msn2DBDOE_top_index_rc,Msn2DBDOE_top_values,Msn2DBDOE_bottom_index,Msn2DBDOE_bottom_index_rc,Msn2DBDOE_bottom_values,Msn2NONDBDOE_top_index,Msn2NONDBDOE_top_index_rc,Msn2NONDBDOE_top_values,Msn2NONDBDOE_bottom_index,Msn2NONDBDOE_bottom_index_rc,Msn2NONDBDOE_bottom_values,Mot3_top_index,Mot3_top_index_rc,Mot3_top_values,Mot3_bottom_index,Mot3_bottom_index_rc,Mot3_bottom_values,Cbf1_top_index,Cbf1_top_index_rc,Cbf1_top_values,Cbf1_bottom_index,Cbf1_bottom_index_rc,Cbf1_bottom_values,Reb1_top_index,Reb1_top_index_rc,Reb1_top_values,Reb1_bottom_index,Reb1_bottom_index_rc,Reb1_bottom_values
CGCA,TGCG,-1.1524275560420618,GCAA,TTGC,-0.5302152450230977,ACGA,TCGT,-1.5412162824354643,GCAT,ATGC,-0.5397932110089179,CCA,TGG,-0.7496385490311444,CAGC,GCTG,-0.206895254361958,CAGC,GCTG,-2.2455265087905425,AACC,GGTT,-0.3329810413592064,ATGT,ACAT,-2.1931125736550325,genome,ekonec,-1.1955055211542946,AACC,GGTT,-2.430765940742757,TAGT,ACTA,-1.3633094977839892
CAGC,GCTG,-1.1199183691860288,AAG,CTT,-0.5134177895202098,GTCC,GGAC,-1.4463055974044434,CGTA,TACG,-0.5024587831754485,TCC,GGA,-0.5980843021119323,AACC,GGTT,-0.20408994324163865,genome,ekonec,-1.007296754682884,GATA,TATC,-0.29955441135450944,TAGT,ACTA,-2.105407181818779,AATG,CATT,-1.1620329604095092,GTCA,TGAC,-2.347393934081825,AATG,CATT,-1.253336730489215
AGTG,CACT,-0.9249403394307663,CTTT,AAAG,-0.48632558223924693,GTCA,TGAC,-1.350823262416163,AAG,CTT,-0.4543923659899746,AGTG,CACT,-0.5285061648427309,GATA,TATC,-0.19620458847246036,CTTT,AAAG,-0.5803453002146823,GCTA,TAGC,-0.2929280350255511,GGTA,TACC,-1.9916235419947723,AACC,GGTT,-1.0775855459491779,ACGA,TCGT,-2.1278447795556703,GTCT,AGAC,-1.2408166854425817
TGT,ACA,-0.8912311482591613,GATA,TATC,-0.4817017120103584,CAGC,GCTG,-1.348303456422512,TTGA,TCAA,-0.4514878384260772,GGTC,GACC,-0.47893548065937064,TTGA,TCAA,-0.181410420867268,GT,AC,-0.5461382962594508,TTGA,TCAA,-0.2505447053406927,AGTA,TACT,-1.8793539446307048,AAG,CTT,-1.0370182400004606,TGT,ACA,-2.08116838152637,CGA,TCG,-1.2057365780022937
GGTA,TACC,-0.8597639731441711,GCT,AGC,-0.45209227283085884,TGT,ACA,-1.1490919619315754,AATG,CATT,-0.435294238605723,TCGA,TCGA,-0.4611217663954762,GCTA,TAGC,-0.17277919744285059,GGTA,TACC,-0.4742177011327594,GTCT,AGAC,-0.2352572889696426,TCCT,AGGA,-1.8439164901897103,GTCA,TGAC,-0.9410057276936985,GTCC,GGAC,-1.9676247819261867,TCA,TGA,-1.1027439533974512
TCCT,AGGA,-0.8451986855231369,GTCC,GGAC,-0.43087002088645476,CGA,TCG,-1.0766560042100766,GCTA,TAGC,-0.42204611662135044,TCCT,AGGA,-0.4551050937711233,ATGG,CCAT,-0.16732997498509905,AACA,TGTT,-0.44173887854358523,AATG,CATT,-0.23268824183313508,AACA,TGTT,-1.6491454452725818,CGA,TCG,-0.8967059488368527,GCAA,TTGC,-1.841422236175833,GCCT,AGGC,-1.0975780755872286
AACA,TGTT,-0.8224592274653844,CGTA,TACG,-0.4264736527788858,AGTG,CACT,-0.9964564710355527,GCCT,AGGC,-0.32162401863136625,AAG,CTT,-0.4255637378542774,GT,AC,-0.15083517552542552,AAG,CTT,-0.4354657449702139,AGTA,TACT,-0.21597658210724957,GT,AC,-1.630496397290834,GTCT,AGAC,-0.8524908635485784,AGTG,CACT,-1.7837104185676953,GGTC,GACC,-1.0442782435643831
GTCA,TGAC,-0.7203785065752565,AGT,ACT,-0.4036180246249373,AACC,GGTT,-0.9958915284778412,AACA,TGTT,-0.29353392713591897,CTTT,AAAG,-0.4210314156958055,GTCA,TGAC,-0.11410292799155991,GA,TC,-0.4316710366953975,AGT,ACT,-0.20116537907624796,AGTG,CACT,-1.4971452479617338,ACGA,TCGT,-0.7942954625367641,AACA,TGTT,-1.6805491787616624,AGTA,TACT,-0.9699257594465633
AGTA,TACT,-0.7132900625154199,ACGA,TCGT,-0.39719384886122666,GCT,AGC,-0.9921760238258286,AGTA,TACT,-0.2741228507787212,GA,TC,-0.41263659970771904,GCAA,TTGC,-0.10962816783780482,GCAT,ATGC,-0.430069132507505,ATGG,CCAT,-0.15389089524307253,AGT,ACT,-1.4696357136808196,GCT,AGC,-0.7746742573252787,ATGG,CCAT,-1.6585424071693224,CGCA,TGCG,-0.9585650354270059
AATG,CATT,-0.699016704981098,TCA,TGA,-0.37841564770778513,GCAA,TTGC,-0.9609696992232912,TAGT,ACTA,-0.2164563572918191,GGTA,TACC,-0.3825382749723093,GCAT,ATGC,-0.08547495741874711,ATGT,ACAT,-0.42855546690029256,GCT,AGC,-0.09298583772156865,GATA,TATC,-1.4475138355057091,GCTA,TAGC,-0.53771135338805,GCT,AGC,-1.6331434346152447,CAGC,GCTG,-0.8896073817660362
GT,AC,-0.691526430621404,GTCT,AGAC,-0.3566745438276283,TCGC,GCGA,-0.9253573885304416,GA,TC,-0.21225272149327362,TGT,ACA,-0.3591562484527498,AATG,CATT,-0.07231719237501982,TGT,ACA,-0.42771806775245025,CGTA,TACG,-0.08318852132898924,TTGA,TCAA,-1.3770707981848394,GCAT,ATGC,-0.5133623067357109,AAG,CTT,-1.595969465136257,TCC,GGA,-0.8864259677027199
ATGG,CCAT,-0.648045640392634,TCC,GGA,-0.3286743091742049,TCA,TGA,-0.9207973822738394,AGT,ACT,-0.1786584715456374,AGTA,TACT,-0.3264607975514979,CGA,TCG,0.006420883155894064,GTCA,TGAC,-0.4123806496649219,TCA,TGA,-0.08104177714462879,CTTT,AAAG,-1.3397501513914545,TCA,TGA,-0.49500830553461095,GGTA,TACC,-1.5705240062528842,CTTT,AAAG,-0.8686690652815765
GA,TC,-0.6422698936262574,CGA,TCG,-0.25469169684463244,ATGG,CCAT,-0.9207352150392236,CGCA,TGCG,-0.1752296737288872,AACA,TGTT,-0.32635356924077397,TCA,TGA,0.014943277374194208,TCCT,AGGA,-0.37616036392829694,ACGA,TCGT,-0.07394246456309914,TGT,ACA,-1.3175531440898123,CGTA,TACG,-0.40550807494195296,TTGA,TCAA,-1.5118299022995485,AGT,ACT,-0.833832120435785
GCTA,TAGC,-0.6084565117870647,genome,ekonec,-0.24485158528833528,GTCT,AGAC,-0.7791097560583389,TCCT,AGGA,-0.08433187459593827,ACGA,TCGT,-0.3203500714677645,GTCC,GGAC,0.02511036063923877,GCAA,TTGC,-0.3710826350506403,TCC,GGA,0.013613847682098681,GA,TC,-1.3017486523778419,CAGC,GCTG,-0.2785512266121839,TCCT,AGGA,-1.4729605249722804,GATA,TATC,-0.7670714817634826
TAGT,ACTA,-0.6055744405786644,TCGA,TCGA,-0.1692039002706844,GGTA,TACC,-0.7395715395988327,genome,ekonec,-0.04604589163357575,ATGT,ACAT,-0.290984597440169,GTCT,AGAC,0.10456903025193129,TAGT,ACTA,-0.36999096600140835,CCA,TGG,0.039044724852979495,GCAA,TTGC,-1.2946096148557171,ATGG,CCAT,-0.2682920326703736,GT,AC,-1.438124692954467,ATGT,ACAT,-0.621898014620327
TTGA,TCAA,-0.6033424866906782,GCAT,ATGC,-0.13120260338054657,TCC,GGA,-0.6765044184009861,GGTC,GACC,0.02983300696893182,TAGT,ACTA,-0.23832882906200786,AGT,ACT,0.11072706498552645,AGTG,CACT,-0.3614712786721658,CGA,TCG,0.061897368201646374,genome,ekonec,-1.1955055211542946,TCC,GGA,-0.21419010190499987,genome,ekonec,-1.391832456466006,GA,TC,-0.5378733584126029
ATGT,ACAT,-0.5663423874439022,CCA,TGG,-0.04326116202864333,GT,AC,-0.5663942571958538,ATGT,ACAT,0.03386060665668145,CAGC,GCTG,-0.206895254361958,CGTA,TACG,0.16274728858263682,AACC,GGTT,-0.3329810413592064,TCGA,TCGA,0.06926073765567708,AATG,CATT,-1.1620329604095092,TCGA,TCGA,-0.19935723218592805,TAGT,ACTA,-1.3633094977839892,CGTA,TACG,-0.5202139254087543
AACC,GGTT,-0.5378791794248312,TCGC,GCGA,0.4020914959755777,GATA,TATC,-0.5652728332954853,TCGA,TCGA,0.05196452682877761,AACC,GGTT,-0.20408994324163865,GCT,AGC,0.19042484343577892,GATA,TATC,-0.29955441135450944,GTCC,GGAC,0.46238573272297034,AACC,GGTT,-1.0775855459491779,GCCT,AGGC,-0.1426903275453506,AATG,CATT,-1.253336730489215,GCTA,TAGC,-0.43769245420441905
GCAA,TTGC,-0.5302152450230977,GCCT,AGGC,0.4930206043465315,GCAT,ATGC,-0.5397932110089179,CCA,TGG,0.05332117788321633,GATA,TATC,-0.19620458847246036,GCCT,AGGC,0.2595779496121433,GCTA,TAGC,-0.2929280350255511,GCCT,AGGC,1.1624938522505228,AAG,CTT,-1.0370182400004606,GTCC,GGAC,-0.08533818002954496,GTCT,AGAC,-1.2408166854425817,GCAT,ATGC,-0.21463457452111223
AAG,CTT,-0.5134177895202098,GGTC,GACC,0.8633734380640812,CGTA,TACG,-0.5024587831754485,CTTT,AAAG,0.5550193657379975,TTGA,TCAA,-0.181410420867268,genome,ekonec,0.3731638705091951,TTGA,TCAA,-0.2505447053406927,GGTC,GACC,1.9708641904776476,GTCA,TGAC,-0.9410057276936985,GGTC,GACC,0.26845073898957184,CGA,TCG,-1.2057365780022937,TCGA,TCGA,-0.20803565539203894
