,STR,TF_number,Distance_tss,number_of_reps,set
CDC19,TTGAG,9,351,3.8,1-300
PRE7,TTTCTTC,11,482,2.4285714285714284,1-300
TPS1,CCCTG,16,169,4.0,1-300
AMN1,AT,18,60,7.0,1-300
YDL124W,AT,24,45,14.5,1-300
CDC34,AGAA,9,301,4.75,1-300
IPT1,TTTTTA,23,681,2.3333333333333335,1-300
VHS1,ATTT,15,131,4.75,1-300
ANP1,AGAAA,9,474,10.6,1-300
MIG3,ATTAAA,13,21,2.5,1-300
VHR2,AT,21,586,17.5,1-300
HSP12,GGAAAA,17,281,5.5,1-300
GAT1,GATAA,17,171,4.8,1-300
GSY1,TTGCTG,42,382,3.3333333333333335,1-300
HXK2,ACG,27,223,7.0,1-300
IXR1,AAAAGA,17,336,3.5,1-300
MCR1,CATCA,11,409,5.0,1-300
TPO1,GGAA,15,313,4.75,1-300
TMA10,CCATAT,18,536,4.333333333333333,1-300
HXT2,CTTTTT,30,671,4.666666666666667,1-300
LEE1,TTTGTA,19,198,3.5,1-300
SUR1,GACGC,33,318,5.2,1-300
YPR015C,AT,15,71,11.0,1-300
MEP3,AT,12,279,8.5,1-300
ALD3,AGAAAA,8,144,3.1666666666666665,1-300
GDH2,TAAA,6,14,4.0,301-600
CCT6,GGTAAA,6,2,3.1666666666666665,301-600
ESF1,TGAGA,5,633,4.0,301-600
HOM3,TAAAA,4,505,3.6,301-600
SUT1,TTTTTG,7,87,3.3333333333333335,301-600
ERG1,AT,5,83,9.0,301-600
YAP1802,AAAAG,6,322,4.0,301-600
CIS3,TTTTTG,7,532,3.8333333333333335,301-600
SPO14,ATATT,4,6,7.2,301-600
PLN1,TAT,4,13,9.0,301-600
SRC1,TTTGTT,5,113,3.0,301-600
RRN11,TGAGA,7,669,4.2,301-600
AAC1,TA,5,47,17.5,301-600
PBI2,ATTTTT,5,598,2.8333333333333335,301-600
YNL190W,TTTTG,6,15,4.2,301-600
PDR16,AT,7,672,14.0,301-600
GPD2,TTCCCT,5,16,3.5,301-600
ADH1,AGAAA,5,140,4.6,301-600
ALD4,ATTC,8,301,4.5,301-600
YHR007C-A,AG,4,57,15.0,301-600
FRT2,TCTTT,4,220,3.8,601-900
HTB2,TCGAAA,3,548,2.8333333333333335,601-900
LYS21,TA,4,492,26.0,601-900
ALT2,AAAAT,3,372,2.8,601-900
ACL4,TTA,4,162,40.333333333333336,601-900
BEM2,TTTTGT,3,86,0.6666666666666666,601-900
IGD1,TATATA,4,651,6.0,601-900
AGA2,TATTTA,3,377,1.5,601-900
SDT1,AT,4,50,38.0,601-900
TAM41,AAAGA,4,87,3.2,601-900
TES1,TCTTG,3,146,3.2,601-900
GPM1,TA,4,226,18.5,601-900
SRL3,TTAG,4,251,3.5,601-900
FBP1,TAA,3,272,6.333333333333333,601-900
PUN1,GCCAG,3,307,4.0,601-900
PRE8,TTA,4,35,47.0,601-900
MRD1,GATGA,3,217,4.0,601-900
GAL10,CCATAT,3,510,3.0,901-1200
TEF2,AT,2,538,11.5,901-1200
YCL042W,AT,3,44,14.5,901-1200
VAC17,GAAAAA,3,68,3.0,901-1200
PAR32,CA,2,457,7.5,901-1200
CIN8,TTGT,2,63,5.5,901-1200
YAT2,AAATCA,2,0,2.0,901-1200
AGX1,TCACTC,2,23,2.5,901-1200
MAL11,CTTTT,3,487,3.4,901-1200
HCA4,CTCAT,2,42,5.0,901-1200
CDC25,AG,3,103,16.0,901-1200
FAA4,TATG,3,648,6.25,901-1200
NOP15,GATGA,2,255,3.6,901-1200
RPC19,CTTTC,2,618,3.2,901-1200
NCS2,GATGA,2,69,3.8,901-1200
YAP7,TTATGC,2,134,3.1666666666666665,901-1200
RPL20B,TGGCC,3,226,3.6,901-1200
NDD1,TTTGT,2,145,8.0,901-1200
HOS3,TGTTTT,2,153,2.8333333333333335,901-1200
BRN1,AT,2,152,18.5,1201-1500
MCD1,TA,2,87,16.0,1201-1500
PDS1,TATA,2,136,7.75,1201-1500
SUM1,CGTCGC,2,315,3.3333333333333335,1201-1500
MCM6,AAAG,2,630,4.75,1201-1500
AMA1,AAAAT,2,59,2.8,1201-1500
YHB1,AT,2,81,11.0,1201-1500
GUT1,TTTTCC,2,98,4.333333333333333,1201-1500
RPL2B,TTATACA,2,414,2.5714285714285716,1201-1500
MOB1,TA,2,435,6.5,1201-1500
TAL1,AT,2,297,17.0,1201-1500
YMR196W,AT,2,101,11.5,1201-1500
HHF2,AAAAGA,2,541,2.8333333333333335,1201-1500
YOL036W,ATGGA,2,66,3.4,1201-1500
DPI34,TA,2,253,15.5,1201-1500
RPL2A,AAAAG,2,155,3.6,1201-1500
UGA2,CATCA,1,21,5.0,1501-1800
MET8,AC,1,35,7.0,1501-1800
PCA1,AAAAAT,1,693,1.1666666666666667,1501-1800
MAL31,CTTTT,1,460,2.8,1501-1800
TUP1,TTATT,1,112,4.0,1501-1800
SYO1,AGATG,1,141,8.6,1501-1800
RLI1,TTTCAC,1,610,2.3333333333333335,1501-1800
SMI1,AGAAAA,1,464,3.3333333333333335,1501-1800
PRM10,TAAG,1,5,4.0,1501-1800
DHR2,GATGA,1,27,3.0,1501-1800
HMX1,TG,1,698,1.0,1501-1800
YME2,GATGA,1,282,3.0,1501-1800
YNL195C,GAAAA,1,71,2.8,1501-1800
YNR029C,GAAAAA,1,101,5.666666666666667,1501-1800
APC5,AAAAATT,1,38,2.5714285714285716,1501-1800
CDC50,AAT,1,57,4.666666666666667,1801-2100
CTH1,GAAAAA,1,249,3.0,1801-2100
COQ6,AT,1,37,10.5,1801-2100
SFB3,TTTA,1,601,4.5,1801-2100
TIM44,TTTTTC,1,90,2.8333333333333335,1801-2100
POP5,TTTGT,1,78,4.4,2101-2400
SMY2,ATCAA,1,10,2.8,2101-2400
WHI4,ATAT,1,120,15.0,2101-2400
YDL241W,TA,1,0,13.0,2101-2400
RPN9,AT,1,163,16.0,2101-2400
RMT2,ATGAG,1,345,2.8,2101-2400
YEL008W,TTTTG,1,63,0.6,2101-2400
TOF2,AAAC,1,127,6.5,2101-2400
FMP46,TTGCGT,1,698,0.3333333333333333,2101-2400
FRA1,GTTTT,1,190,4.8,2101-2400
TOP2,AAAAG,1,33,3.0,2101-2400
TAF14,GAA,1,489,6.333333333333333,2101-2400
TOS1,GAAAA,1,156,2.8,2401-2700
PIB1,TTTTC,1,91,4.2,2401-2700
RGD2,TATAAT,1,173,2.3333333333333335,2401-2700
CDC14,TG,1,412,34.5,2401-2700
POL31,TA,1,321,9.5,2401-2700
SCD5,AAAT,1,29,4.25,2401-2700
MSC6,TA,1,63,8.5,2401-2700
RRP12,ATCTC,1,49,3.4,2401-2700
RPL36B,CAA,1,15,8.0,2401-2700
YML108W,ATATAA,0,130,3.6666666666666665,2701-3000
YMR295C,ATAA,0,95,5.75,2701-3000
LCB1,TTCTTT,0,647,4.666666666666667,2701-3000
PRC1,AAGA,0,0,1.0,2701-3000
DYN3,AT,0,9,9.0,2701-3000
SEC21,TACTAT,0,177,2.3333333333333335,2701-3000
PHA2,ATTTTC,0,30,3.5,2701-3000
MSS1,AT,0,382,11.0,3001-3300
YMR103C,TTTTCA,0,131,2.8333333333333335,3001-3300
SPC98,AAACA,0,54,5.0,3001-3300
KRE33,ATGAG,0,41,3.4,3001-3300
WHI3,TTCCT,0,429,4.4,3001-3300
YPR114W,AAAAAG,0,1,3.0,3001-3300
NOC4,CATCT,0,646,3.6,3001-3300
YAL063C-A,ATAA,0,569,14.5,3001-3300
YOR011W-A,AT,0,696,2.0,3301-3600
WIP1,TATA,0,142,13.0,3301-3600
IFM1,AT,0,147,9.5,3601-3900
NGL1,TCCT,0,125,4.25,3601-3900
PPM2,TCATC,0,11,5.0,3601-3900
SPT20,AGTT,0,6,4.75,3601-3900
RRP6,TA,0,563,2.5,3601-3900
UTP23,ATGCG,0,79,3.4,3601-3900
YOR050C,TTTCT,0,83,4.2,3601-3900
BUD21,AAAGAA,0,142,2.8333333333333335,3601-3900
RIO1,ATCTC,0,150,3.0,3601-3900
TUF1,ATATAC,0,263,3.3333333333333335,3601-3900
TOA1,TTTA,0,52,7.25,3601-3900
RPB8,TGAAAA,0,58,3.1666666666666665,3601-3900
ISA2,TTCCAA,0,65,2.8333333333333335,3601-3900
RRS1,AT,0,225,7.0,3901-4200
YOR309C,ATATCA,0,303,2.3333333333333335,3901-4200
VTS1,ACT,0,23,6.333333333333333,3901-4200
YPL088W,TA,0,50,13.0,3901-4200
NAN1,GATGA,0,63,3.4,3901-4200
YPL162C,AT,0,13,14.5,3901-4200
YPL229W,TTTTTA,0,427,3.3333333333333335,3901-4200
DIM1,TAA,0,139,11.0,3901-4200
RPP2B,AT,0,343,17.5,4201-4500
GMC1,ACTATA,0,39,2.5,4201-4500
SPC25,TTTTG,0,641,10.2,4201-4500
MET31,AAGAAA,0,50,2.3333333333333335,4201-4500
MRX1,AACTAAA,0,89,2.7142857142857144,4501-4800
ICP55,GTGTGA,0,262,4.666666666666667,4501-4800
RAD3,TATA,0,0,6.75,4501-4800
RPL7A,AT,0,474,8.0,4501-4800
SRM1,TA,0,227,11.0,4501-4800
SCS3,TTTCTT,0,63,2.5,4501-4800
RSM23,TTTCTT,0,627,2.8333333333333335,4501-4800
VAM7,AACAAA,0,4,3.1666666666666665,4501-4800
NIF3,TA,0,419,9.0,4501-4800
CYS3,GAAAA,0,85,3.4,4801-5100
PSK1,ATCTAT,0,179,5.0,4801-5100
GDH3,AT,0,382,14.5,4801-5100
CDC15,TGCCCA,0,0,2.1666666666666665,4801-5100
MBA1,AT,0,249,10.5,4801-5100
YBR220C,GAAAA,0,41,4.4,4801-5100
ERT1,AT,0,40,12.5,4801-5100
RPO41,AT,0,513,16.0,4801-5100
RRN10,GTTTT,0,92,2.8,5101-5400
MAK32,AAACAA,0,498,3.1666666666666665,5101-5400
IMG1,TTC,0,28,5.333333333333333,5101-5400
YIH1,TA,0,71,17.0,5101-5400
CLB3,AACAA,0,59,5.2,5101-5400
GGC1,TTTCAT,0,5,3.3333333333333335,5101-5400
SES1,AT,0,18,11.5,5101-5400
YDR042C,GAAACA,0,470,2.5,5101-5400
DBF4,AAAATA,0,0,1.8333333333333333,5101-5400
TCD2,ATG,0,312,13.333333333333334,5401-5700
YKL036C,CAGAAT,0,255,2.5,5401-5700
HFL1,AAT,0,2,6.333333333333333,5401-5700
TRM2,CTCAT,0,15,3.0,5401-5700
SFI1,TAT,0,133,5.666666666666667,5401-5700
TEN1,AGAAAA,0,574,3.8333333333333335,5401-5700
PML1,GAGAT,0,0,2.0,5401-5700
STE3,AT,0,579,11.5,5701-6000
PXA2,ATC,0,238,6.0,5701-6000
HYM1,AAAAAT,0,76,2.6666666666666665,5701-6000
UBA1,AAG,0,460,9.333333333333334,5701-6000
PSY3,AT,0,0,3.0,5701-6000
TUB1,TTTTG,0,620,7.2,5701-6000
YGR130C,ATATAA,0,44,4.0,6001-6300
YAP3,TTATA,0,357,3.8,6001-6300
DOG1,AAAAT,0,500,5.2,6001-6300
RRP4,AAGAAA,0,50,2.8333333333333335,6001-6300
YHR138C,TGTTTT,0,0,0.3333333333333333,6001-6300
REC104,AGAATC,0,57,3.0,6001-6300
SPC97,ACATAA,0,455,2.8333333333333335,6001-6300
ROF1,TATGAC,0,469,2.3333333333333335,6001-6300
YCS4,AT,0,347,11.0,6001-6300
CAX4,TTTTCT,0,458,3.5,6301-6600
HIP1,AGATAA,0,607,3.0,6301-6600
FYV10,CT,0,150,4.5,6301-6600
YJL068C,TG,0,638,7.5,6301-6600
IDS2,TTGCTC,0,144,4.333333333333333,6301-6600
RAD26,AT,0,6,12.5,6301-6600
VPS55,GT,0,123,13.5,6301-6600
CDC11,AT,0,51,13.5,6301-6600
IME1,GTT,0,387,4.666666666666667,6301-6600
COA1,TTTTATC,0,106,2.5714285714285716,6601-6900
DJP1,TA,0,118,9.0,6601-6900
YIR020C,TTTTCA,0,179,2.3333333333333335,6601-6900
