,delta_median_on,delta_median_off,avg_delta_median
CGTGA,-0.9248057603245655,-1.2503621831911385,-1.087583971757852
ACACG,-0.8307371872987257,-1.1231463184846695,-0.9769417528916976
GGACA,-1.0401652334546907,-0.7986906953374051,-0.9194279643960479
AAGAC,-0.2795341097703789,-1.5259199217202755,-0.9027270157453272
GAAC,-0.9807878349725438,-0.5698117619412241,-0.7752997984568839
CGGTA,-0.998935949723879,-0.39443608486451254,-0.6966860172941958
GGTCA,-0.5892111856032671,-0.7891246235211452,-0.6891679045622061
TTCCG,-0.6166135402999715,-0.7540525394966083,-0.68533303989829
ACCTC,-0.4883315025846394,-0.779917923316941,-0.6341247129507902
CACCA,-0.7391864956823042,-0.43230006689161016,-0.5857432812869572
TG,-0.7504816328171358,-0.3713457025477186,-0.5609136676824271
GTTGC,-0.9023416387297123,-0.1243382172290625,-0.5133399279793874
TCGAA,-0.3050908878996525,-0.7109528871064047,-0.5080218875030286
ACGTT,-0.2597454358852979,-0.6227585862151469,-0.4412520110502224
GGTCT,0.13479654877444422,-1.0,-0.4326017256127779
TCAG,-0.4652386878373283,-0.3766284532719475,-0.42093357055463787
TTCTG,-0.6648954019179528,-0.14513054732440445,-0.40501297462117863
CCACT,-0.5604401853768775,-0.22069848254123994,-0.3905693339590587
CTTCA,-0.44845561886671487,-0.28409451936552493,-0.3662750691161199
ACCTA,-0.18829006299246764,-0.4488539466976521,-0.3185720048450599
ACTC,-0.5086285739498156,-0.11880656496969755,-0.3137175694597566
GAGAC,-0.08522393559787639,-0.5067115509721214,-0.29596774328499886
CCCTT,-0.5388274241937515,-0.030593570576653236,-0.2847104973852024
TGACT,-0.5534486546410654,0.0,-0.2767243273205327
AGCTC,-0.34060293094668226,-0.20165567261432996,-0.2711293017805061
ATACG,0.029635686013762267,-0.5203739368270789,-0.2453691254066583
AGTGT,-0.2670117793277361,-0.18915130817289005,-0.2280815437503131
CTTAC,0.27537788366827964,-0.48790747065468304,-0.1062647934932017
TTGGC,0.6938249905477816,-0.8883504555691739,-0.09726273251069617
CTGT,-0.15915542078663938,-0.0092440611962821,-0.08419974099146074
AGGT,-0.07895545486121493,-0.08801800173942398,-0.08348672830031945
TTGC,-0.4277452452328624,0.28153863750518365,-0.07310330386383937
AACTC,-0.39828474319903745,0.27860408052989183,-0.05984033133457281
AGATC,0.24187241746531912,-0.3128871155138924,-0.03550734902428665
AGTGC,-0.14796883671785463,0.08761617459935804,-0.030176331059248294
CGGA,-0.06793439828013906,0.04917944203970731,-0.009377478120215874
CATCA,-0.07205786552914675,0.07032872392214815,-0.0008645708034993038
CATGA,0.3458255334811523,-0.3417446786704629,0.0020404274053447136
GACTG,-0.010938038699425582,0.02938697291619265,0.009224467108383535
GCAGA,-0.035256850180646025,0.09535071261778738,0.030046931218570678
TCAAT,0.007760182856657309,0.08166757800362681,0.04471388043014206
GCTA,0.17878554582527062,-0.04270885500764858,0.06803834540881101
AGCTA,0.07789479480459958,0.08534813827627138,0.08162146654043548
GTTA,0.03777531578339573,0.12656503690089993,0.08217017634214782
ATGGC,0.15295383850440064,0.015292045026359592,0.08412294176538011
ACTCG,-0.43659753671492724,0.614726945607276,0.0890647044461744
ACTT,0.12039314966660863,0.0739837776244412,0.09718846364552491
ACCGA,-0.07122573135242387,0.2951803891409939,0.11197732889428502
AGACT,0.4282751077367287,-0.11881794395374783,0.15472858189149044
CGCTA,0.08828096490357643,0.25130501556949864,0.16979299023653754
AGCCT,0.14262533725940005,0.2646813560402979,0.20365334664984897
ATGCT,0.28838265384573836,0.12211788863409176,0.20525027123991507
TATCC,0.444051498308834,-0.000968670549795525,0.22154141387951923
ATCA,0.3614047782674439,0.10018697528425671,0.23079587677585028
GTTCA,0.20731618855877276,0.32506126363584353,0.26618872609730815
GATGA,0.48632660530666616,0.04821796662238795,0.26727228596452707
AAATC,0.12406808353218947,0.4346808707299367,0.2793744771310631
TAGAG,0.5324265720763054,0.14884492053596748,0.34063574630613647
CATC,0.6850272198956864,0.029132611824371893,0.35707991586002913
AGAGG,0.0,0.7878929897629933,0.39394649488149663
AGGA,0.45126647966484185,0.3586308386856699,0.4049486591752559
CCTTG,0.049402926878758247,0.9994742930264984,0.5244386099526284
TC,0.7829823587013423,0.2951126484512131,0.5390475035762776
TCCAT,0.731970125377561,0.4537425781944008,0.5928563517859808
AAGGA,0.46817189957643923,0.8940275801349503,0.6810997398556948
GATTA,0.722918913471538,0.8662924453570238,0.7946056794142808
CATT,0.9241349615190092,0.7467457041430562,0.8354403328310327
TAAAC,0.5346391433834459,1.202764031641109,0.8687015875122774
GTACA,0.20479920498924678,1.6346226567513684,0.9197109308703076
CTA,1.1241482823163844,0.7158917717021269,0.9200200270092557
CATA,1.314429335511201,0.6090884324103258,0.9617588839607634
AGAT,1.0057259924759823,1.0112798422332707,1.0085029173546265
CATTA,1.3864337684591437,0.6308947214092584,1.008664244934201
ACCCT,1.18751444853157,0.9562340417105908,1.0718742451210805
GTAC,1.6103678093692122,1.0306672670276886,1.3205175381984504
